<?xml version="1.0" encoding="UTF-8"?>
<GenRun Id="synth_1" LaunchPart="xc7a100tcsg324-3" LaunchTime="1630755885">
  <File Type="PA-TCL" Name="Function_Generator.tcl"/>
  <File Type="REPORTS-TCL" Name="Function_Generator_reports.tcl"/>
  <File Type="RDS-RDS" Name="Function_Generator.vds"/>
  <File Type="RDS-UTIL" Name="Function_Generator_utilization_synth.rpt"/>
  <File Type="RDS-UTIL-PB" Name="Function_Generator_utilization_synth.pb"/>
  <File Type="RDS-DCP" Name="Function_Generator.dcp"/>
  <FileSet Name="sources" Type="DesignSrcs" RelSrcDir="$PSRCDIR/sources_1" RelGenDir="$PGENDIR/sources_1">
    <Filter Type="Srcs"/>
    <File Path="$PSRCDIR/sources_1/imports/Function Generator/fn_gen.v">
      <FileInfo>
        <Attr Name="Library" Val="xil_defaultlib"/>
        <Attr Name="ImportPath" Val="$PPRDIR/../../../../../../Function_Generator/Function Generator/fn_gen.v"/>
        <Attr Name="ImportTime" Val="1629492684"/>
        <Attr Name="UsedIn" Val="synthesis"/>
        <Attr Name="UsedIn" Val="implementation"/>
        <Attr Name="UsedIn" Val="simulation"/>
      </FileInfo>
    </File>
    <File Path="$PSRCDIR/sources_1/imports/Function Generator/fine_delay_stop.v">
      <FileInfo>
        <Attr Name="Library" Val="xil_defaultlib"/>
        <Attr Name="ImportPath" Val="$PPRDIR/../../../../../../Function_Generator/Function Generator/fine_delay_stop.v"/>
        <Attr Name="ImportTime" Val="1629492684"/>
        <Attr Name="UsedIn" Val="synthesis"/>
        <Attr Name="UsedIn" Val="implementation"/>
        <Attr Name="UsedIn" Val="simulation"/>
      </FileInfo>
    </File>
    <File Path="$PSRCDIR/sources_1/imports/Function Generator/Function_Generator.v">
      <FileInfo>
        <Attr Name="Library" Val="xil_defaultlib"/>
        <Attr Name="ImportPath" Val="$PPRDIR/../../../../../../Function_Generator/Function Generator/Function_Generator.v"/>
        <Attr Name="ImportTime" Val="1630738741"/>
        <Attr Name="UsedIn" Val="synthesis"/>
        <Attr Name="UsedIn" Val="implementation"/>
        <Attr Name="UsedIn" Val="simulation"/>
      </FileInfo>
    </File>
    <File Path="$PSRCDIR/sources_1/imports/function_generator/import_ise_summary.txt">
      <FileInfo>
        <Attr Name="ImportPath" Val="$PPRDIR/../../../../import_ise_summary.txt"/>
        <Attr Name="ImportTime" Val="1630741826"/>
      </FileInfo>
    </File>
    <Config>
      <Option Name="DesignMode" Val="RTL"/>
      <Option Name="TopModule" Val="Function_Generator"/>
    </Config>
  </FileSet>
  <FileSet Name="constrs_in" Type="Constrs" RelSrcDir="$PSRCDIR/constrs_1">
    <Filter Type="Constrs"/>
    <File Path="$PSRCDIR/constrs_1/imports/Function Generator/N.ucf">
      <FileInfo>
        <Attr Name="UserDisabled" Val="1"/>
        <Attr Name="ImportPath" Val="$PPRDIR/../../../../../../Function_Generator/Function Generator/N.ucf"/>
        <Attr Name="ImportTime" Val="1629492684"/>
      </FileInfo>
    </File>
    <File Path="$PSRCDIR/constrs_1/new/Nexys_A7_constraints.xdc">
      <FileInfo>
        <Attr Name="ImportPath" Val="$PPRDIR/../../../../function_generator.srcs/constrs_1/new/Nexys_A7_constraints.xdc"/>
        <Attr Name="ImportTime" Val="1630743994"/>
        <Attr Name="UsedIn" Val="synthesis"/>
        <Attr Name="UsedIn" Val="implementation"/>
      </FileInfo>
    </File>
    <Config>
      <Option Name="ConstrsType" Val="XDC"/>
    </Config>
  </FileSet>
  <FileSet Name="utils" Type="Utils" RelSrcDir="$PSRCDIR/utils_1">
    <Filter Type="Utils"/>
    <Config>
      <Option Name="TopAutoSet" Val="TRUE"/>
    </Config>
  </FileSet>
  <Strategy Version="1" Minor="2">
    <StratHandle Name="Vivado Synthesis Defaults" Flow="Vivado Synthesis 2020"/>
    <Step Id="synth_design"/>
  </Strategy>
</GenRun>
