<?xml version="1.0" encoding="UTF-8"?>
<GenRun Id="impl_1" LaunchPart="xc7a100tcsg324-3" LaunchTime="1630755885">
  <File Type="ROUTE-PWR" Name="Function_Generator_power_routed.rpt"/>
  <File Type="PA-TCL" Name="Function_Generator.tcl"/>
  <File Type="ROUTE-PWR-SUM" Name="Function_Generator_power_summary_routed.pb"/>
  <File Type="REPORTS-TCL" Name="Function_Generator_reports.tcl"/>
  <File Type="BITSTR-MSK" Name="Function_Generator.msk"/>
  <File Type="ROUTE-CLK" Name="Function_Generator_clock_utilization_routed.rpt"/>
  <File Type="RDI-RDI" Name="Function_Generator.vdi"/>
  <File Type="BG-BIT" Name="Function_Generator.bit"/>
  <File Type="BG-DRC" Name="Function_Generator.drc"/>
  <File Type="BG-BGN" Name="Function_Generator.bgn"/>
  <File Type="BG-BIN" Name="Function_Generator.bin"/>
  <File Type="BITSTR-RBT" Name="Function_Generator.rbt"/>
  <File Type="BITSTR-NKY" Name="Function_Generator.nky"/>
  <File Type="BITSTR-BMM" Name="Function_Generator_bd.bmm"/>
  <File Type="ROUTE-METHODOLOGY-DRC" Name="Function_Generator_methodology_drc_routed.rpt"/>
  <File Type="BITSTR-MMI" Name="Function_Generator.mmi"/>
  <File Type="ROUTE-METHODOLOGY-DRC-PB" Name="Function_Generator_methodology_drc_routed.pb"/>
  <File Type="BITSTR-SYSDEF" Name="Function_Generator.sysdef"/>
  <File Type="ROUTE-DRC-RPX" Name="Function_Generator_drc_routed.rpx"/>
  <File Type="BITSTR-LTX" Name="debug_nets.ltx"/>
  <File Type="BITSTR-LTX" Name="Function_Generator.ltx"/>
  <File Type="RCFI_FILE" Name="Function_Generator.rcfi"/>
  <File Type="WBT-USG" Name="usage_statistics_webtalk.html"/>
  <File Type="OPT-DRC" Name="Function_Generator_drc_opted.rpt"/>
  <File Type="OPT-HWDEF" Name="Function_Generator.hwdef"/>
  <File Type="PLACE-IO" Name="Function_Generator_io_placed.rpt"/>
  <File Type="PLACE-UTIL" Name="Function_Generator_utilization_placed.rpt"/>
  <File Type="PLACE-UTIL-PB" Name="Function_Generator_utilization_placed.pb"/>
  <File Type="PLACE-CTRL" Name="Function_Generator_control_sets_placed.rpt"/>
  <File Type="PLACE-PRE-SIMILARITY" Name="Function_Generator_incremental_reuse_pre_placed.rpt"/>
  <File Type="ROUTE-DRC" Name="Function_Generator_drc_routed.rpt"/>
  <File Type="ROUTE-DRC-PB" Name="Function_Generator_drc_routed.pb"/>
  <File Type="ROUTE-PWR-RPX" Name="Function_Generator_power_routed.rpx"/>
  <File Type="ROUTE-STATUS" Name="Function_Generator_route_status.rpt"/>
  <File Type="ROUTE-STATUS-PB" Name="Function_Generator_route_status.pb"/>
  <File Type="ROUTE-DCP" Name="Function_Generator_routed.dcp"/>
  <File Type="ROUTE-ERROR-DCP" Name="Function_Generator_routed_error.dcp"/>
  <File Type="ROUTE-BLACKBOX-DCP" Name="Function_Generator_routed_bb.dcp"/>
  <File Type="ROUTE-TIMINGSUMMARY" Name="Function_Generator_timing_summary_routed.rpt"/>
  <File Type="ROUTE-TIMING-PB" Name="Function_Generator_timing_summary_routed.pb"/>
  <File Type="ROUTE-TIMING-RPX" Name="Function_Generator_timing_summary_routed.rpx"/>
  <File Type="ROUTE-BUS-SKEW" Name="Function_Generator_bus_skew_routed.rpt"/>
  <File Type="ROUTE-BUS-SKEW-PB" Name="Function_Generator_bus_skew_routed.pb"/>
  <File Type="ROUTE-BUS-SKEW-RPX" Name="Function_Generator_bus_skew_routed.rpx"/>
  <File Type="OPT-DCP" Name="Function_Generator_opt.dcp"/>
  <File Type="PLACE-DCP" Name="Function_Generator_placed.dcp"/>
  <File Type="PWROPT-DCP" Name="Function_Generator_pwropt.dcp"/>
  <File Type="POSTPLACE-PWROPT-DCP" Name="Function_Generator_postplace_pwropt.dcp"/>
  <File Type="PHYSOPT-DCP" Name="Function_Generator_physopt.dcp"/>
  <File Type="POSTROUTE-PHYSOPT-DCP" Name="Function_Generator_postroute_physopt.dcp"/>
  <File Type="POSTROUTE-PHYSOPT-BLACKBOX-DCP" Name="Function_Generator_postroute_physopt_bb.dcp"/>
  <File Type="ROUTE-METHODOLOGY-DRC-RPX" Name="Function_Generator_methodology_drc_routed.rpx"/>
  <File Type="PDI-FILE" Name="Function_Generator.pdi"/>
  <File Type="CFI_FILE" Name="Function_Generator.cfi"/>
  <File Type="RNPI_FILE" Name="Function_Generator.rnpi"/>
  <File Type="NPI_FILE" Name="Function_Generator.npi"/>
  <File Type="RBD_FILE" Name="Function_Generator.rbd"/>
  <FileSet Name="sources" Type="DesignSrcs" RelSrcDir="$PSRCDIR/sources_1" RelGenDir="$PGENDIR/sources_1">
    <Filter Type="Srcs"/>
    <File Path="$PSRCDIR/sources_1/imports/Function Generator/fn_gen.v">
      <FileInfo>
        <Attr Name="Library" Val="xil_defaultlib"/>
        <Attr Name="ImportPath" Val="$PPRDIR/../../../../../../Function_Generator/Function Generator/fn_gen.v"/>
        <Attr Name="ImportTime" Val="1629492684"/>
        <Attr Name="UsedIn" Val="synthesis"/>
        <Attr Name="UsedIn" Val="implementation"/>
        <Attr Name="UsedIn" Val="simulation"/>
      </FileInfo>
    </File>
    <File Path="$PSRCDIR/sources_1/imports/Function Generator/fine_delay_stop.v">
      <FileInfo>
        <Attr Name="Library" Val="xil_defaultlib"/>
        <Attr Name="ImportPath" Val="$PPRDIR/../../../../../../Function_Generator/Function Generator/fine_delay_stop.v"/>
        <Attr Name="ImportTime" Val="1629492684"/>
        <Attr Name="UsedIn" Val="synthesis"/>
        <Attr Name="UsedIn" Val="implementation"/>
        <Attr Name="UsedIn" Val="simulation"/>
      </FileInfo>
    </File>
    <File Path="$PSRCDIR/sources_1/imports/Function Generator/Function_Generator.v">
      <FileInfo>
        <Attr Name="Library" Val="xil_defaultlib"/>
        <Attr Name="ImportPath" Val="$PPRDIR/../../../../../../Function_Generator/Function Generator/Function_Generator.v"/>
        <Attr Name="ImportTime" Val="1630738741"/>
        <Attr Name="UsedIn" Val="synthesis"/>
        <Attr Name="UsedIn" Val="implementation"/>
        <Attr Name="UsedIn" Val="simulation"/>
      </FileInfo>
    </File>
    <File Path="$PSRCDIR/sources_1/imports/function_generator/import_ise_summary.txt">
      <FileInfo>
        <Attr Name="ImportPath" Val="$PPRDIR/../../../../import_ise_summary.txt"/>
        <Attr Name="ImportTime" Val="1630741826"/>
      </FileInfo>
    </File>
    <Config>
      <Option Name="DesignMode" Val="RTL"/>
      <Option Name="TopModule" Val="Function_Generator"/>
    </Config>
  </FileSet>
  <FileSet Name="constrs_in" Type="Constrs" RelSrcDir="$PSRCDIR/constrs_1">
    <Filter Type="Constrs"/>
    <File Path="$PSRCDIR/constrs_1/imports/Function Generator/N.ucf">
      <FileInfo>
        <Attr Name="UserDisabled" Val="1"/>
        <Attr Name="ImportPath" Val="$PPRDIR/../../../../../../Function_Generator/Function Generator/N.ucf"/>
        <Attr Name="ImportTime" Val="1629492684"/>
      </FileInfo>
    </File>
    <File Path="$PSRCDIR/constrs_1/new/Nexys_A7_constraints.xdc">
      <FileInfo>
        <Attr Name="ImportPath" Val="$PPRDIR/../../../../function_generator.srcs/constrs_1/new/Nexys_A7_constraints.xdc"/>
        <Attr Name="ImportTime" Val="1630743994"/>
        <Attr Name="UsedIn" Val="synthesis"/>
        <Attr Name="UsedIn" Val="implementation"/>
      </FileInfo>
    </File>
    <Config>
      <Option Name="ConstrsType" Val="XDC"/>
    </Config>
  </FileSet>
  <FileSet Name="utils" Type="Utils" RelSrcDir="$PSRCDIR/utils_1">
    <Filter Type="Utils"/>
    <Config>
      <Option Name="TopAutoSet" Val="TRUE"/>
    </Config>
  </FileSet>
  <Strategy Version="1" Minor="2">
    <StratHandle Name="Vivado Implementation Defaults" Flow="Vivado Implementation 2020"/>
    <Step Id="init_design"/>
    <Step Id="opt_design"/>
    <Step Id="power_opt_design"/>
    <Step Id="place_design"/>
    <Step Id="post_place_power_opt_design"/>
    <Step Id="phys_opt_design"/>
    <Step Id="route_design"/>
    <Step Id="post_route_phys_opt_design"/>
    <Step Id="write_bitstream"/>
    <Step Id="write_device_image"/>
  </Strategy>
</GenRun>
